{
  "model_name": "calibrated_best",
  "roc_auc": 0.7983940972222222,
  "pr_auc": 0.6584153071253175,
  "brier_score": 0.16719552674807084,
  "accuracy": 0.77,
  "precision": 0.8095238095238095,
  "recall": 0.4722222222222222,
  "f1": 0.5964912280701754,
  "confusion_matrix": [
    [
      60,
      4
    ],
    [
      19,
      17
    ]
  ],
  "y_pred_proba": [
    0.18181818181818182,
    0.18181818181818182,
    0.18181818181818182,
    0.7272727272727273,
    0.18181818181818182,
    0.058823529411764705,
    0.0,
    0.058823529411764705,
    0.0,
    0.0,
    0.058823529411764705,
    0.0,
    0.7640113303375767,
    0.0,
    0.18181818181818182,
    0.18181818181818182,
    0.7272727272727273,
    0.6948713733787607,
    0.4782608695652174,
    0.7272727272727273,
    0.18181818181818182,
    0.18181818181818182,
    0.18181818181818182,
    0.4782608695652174,
    1.0,
    0.058823529411764705,
    0.18181818181818182,
    0.18181818181818182,
    0.4782608695652174,
    0.18181818181818182,
    0.7272727272727273,
    0.18181818181818182,
    0.18181818181818182,
    0.18181818181818182,
    0.18181818181818182,
    0.18181818181818182,
    0.7272727272727273,
    0.35714285714285715,
    0.0,
    0.18181818181818182,
    0.18181818181818182,
    0.18181818181818182,
    0.18181818181818182,
    0.18181818181818182,
    0.058823529411764705,
    0.4782608695652174,
    0.18181818181818182,
    0.35714285714285715,
    0.18181818181818182,
    0.18181818181818182,
    0.0,
    0.18181818181818182,
    1.0,
    0.0,
    0.18181818181818182,
    0.18181818181818182,
    1.0,
    0.4782608695652174,
    0.35714285714285715,
    0.18181818181818182,
    0.4782608695652174,
    0.4782608695652174,
    0.7272727272727273,
    0.0,
    0.7272727272727273,
    0.35714285714285715,
    0.18181818181818182,
    0.7272727272727273,
    0.18181818181818182,
    0.7272727272727273,
    0.058823529411764705,
    0.18181818181818182,
    0.563423571982769,
    1.0,
    0.0,
    0.18181818181818182,
    0.7272727272727273,
    0.18181818181818182,
    0.18181818181818182,
    0.18181818181818182,
    0.058823529411764705,
    0.6666666666666666,
    0.4782608695652174,
    0.18181818181818182,
    0.11197146239625103,
    0.7272727272727273,
    0.18181818181818182,
    0.058823529411764705,
    0.18181818181818182,
    0.0,
    0.0,
    0.18181818181818182,
    1.0,
    0.4782608695652174,
    0.35714285714285715,
    0.058823529411764705,
    0.18181818181818182,
    0.18181818181818182,
    0.7122318907520121,
    0.35714285714285715
  ],
  "precision_at_10pct": 0.6
}