{
  "model_name": "calibrated_best",
  "roc_auc": 0.7977430555555556,
  "pr_auc": 0.6779468347959634,
  "brier_score": 0.16508029624380882,
  "accuracy": 0.76,
  "precision": 0.75,
  "recall": 0.5,
  "f1": 0.6,
  "confusion_matrix": [
    [
      58,
      6
    ],
    [
      18,
      18
    ]
  ],
  "y_pred_proba": [
    0.2,
    0.3333333333333333,
    0.2,
    0.6666666666666666,
    0.2,
    0.2,
    0.0,
    0.0,
    0.0,
    0.0,
    0.09011175809368904,
    0.0,
    0.7142857142857143,
    0.0,
    0.2,
    0.2,
    0.7142857142857143,
    0.6666666666666666,
    0.3333333333333333,
    0.7142857142857143,
    0.2,
    0.2,
    0.2,
    0.5,
    0.7142857142857143,
    0.07692307692307693,
    0.2,
    0.2,
    0.5454545454545454,
    0.2,
    0.7142857142857143,
    0.2,
    0.2,
    0.2,
    0.2,
    0.2,
    0.7142857142857143,
    0.3333333333333333,
    0.0,
    0.2,
    0.2,
    0.2,
    0.2,
    0.2,
    0.07692307692307693,
    0.5454545454545454,
    0.2,
    0.3333333333333333,
    0.2,
    0.2,
    0.0,
    0.2,
    0.8,
    0.0,
    0.2,
    0.2,
    1.0,
    0.5,
    0.3333333333333333,
    0.2,
    0.5,
    0.5454545454545454,
    0.7142857142857143,
    0.0,
    0.7142857142857143,
    0.5,
    0.2,
    0.5454545454545454,
    0.2,
    0.6666666666666666,
    0.07692307692307693,
    0.2,
    0.5454545454545454,
    1.0,
    0.0,
    0.3333333333333333,
    0.7142857142857143,
    0.2,
    0.3333333333333333,
    0.2,
    0.07692307692307693,
    0.5454545454545454,
    0.5,
    0.2,
    0.2,
    0.7142857142857143,
    0.2,
    0.0,
    0.2,
    0.0,
    0.0,
    0.2,
    1.0,
    0.5,
    0.3333333333333333,
    0.0,
    0.2,
    0.2,
    0.6666666666666666,
    0.3333333333333333
  ],
  "precision_at_10pct": 0.9
}