{
  "model_name": "calibrated_best",
  "roc_auc": 0.7769097222222221,
  "pr_auc": 0.6504817533131845,
  "brier_score": 0.1821897322356121,
  "accuracy": 0.76,
  "precision": 0.6764705882352942,
  "recall": 0.6388888888888888,
  "f1": 0.6571428571428571,
  "confusion_matrix": [
    [
      53,
      11
    ],
    [
      13,
      23
    ]
  ],
  "y_pred_proba": [
    0.07407407407407407,
    0.17391304347826086,
    0.17391304347826086,
    0.5714285714285714,
    0.17391304347826086,
    0.07407407407407407,
    0.07407407407407407,
    0.07407407407407407,
    0.07407407407407407,
    0.03275608183652223,
    0.07407407407407407,
    0.0,
    0.8271086846131743,
    0.0,
    0.07407407407407407,
    0.07407407407407407,
    0.5714285714285714,
    0.5714285714285714,
    0.52,
    0.5714285714285714,
    0.07407407407407407,
    0.17391304347826086,
    0.17391304347826086,
    0.52,
    0.8181818181818182,
    0.07407407407407407,
    0.07407407407407407,
    0.17391304347826086,
    0.52,
    0.17391304347826086,
    0.8181818181818182,
    0.17391304347826086,
    0.17391304347826086,
    0.17391304347826086,
    0.17391304347826086,
    0.17391304347826086,
    0.8181818181818182,
    0.3,
    0.0,
    0.17391304347826086,
    0.17391304347826086,
    0.07407407407407407,
    0.17391304347826086,
    0.17391304347826086,
    0.07407407407407407,
    0.5714285714285714,
    0.17391304347826086,
    0.52,
    0.17391304347826086,
    0.07407407407407407,
    0.0,
    0.07407407407407407,
    0.8501899744008424,
    0.0,
    0.3,
    0.07407407407407407,
    1.0,
    0.52,
    0.52,
    0.17391304347826086,
    0.52,
    0.52,
    0.8181818181818182,
    0.0,
    0.5714285714285714,
    0.52,
    0.17391304347826086,
    0.52,
    0.17391304347826086,
    0.5714285714285714,
    0.07407407407407407,
    0.3,
    0.5511671377319044,
    1.0,
    0.0,
    0.17391304347826086,
    0.8181818181818182,
    0.07407407407407407,
    0.17391304347826086,
    0.17391304347826086,
    0.07407407407407407,
    0.5714285714285714,
    0.5714285714285714,
    0.07407407407407407,
    0.07407407407407407,
    0.8181818181818182,
    0.17391304347826086,
    0.07407407407407407,
    0.17391304347826086,
    0.0,
    0.0,
    0.17391304347826086,
    1.0,
    0.52,
    0.3,
    0.07407407407407407,
    0.17391304347826086,
    0.3,
    0.5714285714285714,
    0.52
  ],
  "precision_at_10pct": 0.7
}