{
  "model_name": "calibrated_best",
  "roc_auc": 0.7877604166666666,
  "pr_auc": 0.6397360965037326,
  "brier_score": 0.18587230240181377,
  "accuracy": 0.71,
  "precision": 0.7692307692307693,
  "recall": 0.2777777777777778,
  "f1": 0.40816326530612246,
  "confusion_matrix": [
    [
      61,
      3
    ],
    [
      26,
      10
    ]
  ],
  "y_pred_proba": [
    0.24444444444444444,
    0.24444444444444444,
    0.24444444444444444,
    0.4482758620689655,
    0.24444444444444444,
    0.037037037037037035,
    0.0,
    0.0,
    0.037037037037037035,
    0.0,
    0.037037037037037035,
    0.037037037037037035,
    0.8,
    0.037037037037037035,
    0.08333333333333333,
    0.037037037037037035,
    0.8,
    0.4900550342334242,
    0.4482758620689655,
    0.8,
    0.037037037037037035,
    0.08333333333333333,
    0.24444444444444444,
    0.4482758620689655,
    0.8239023220791424,
    0.08333333333333333,
    0.24444444444444444,
    0.24444444444444444,
    0.4482758620689655,
    0.037037037037037035,
    0.8,
    0.24444444444444444,
    0.08333333333333333,
    0.24444444444444444,
    0.24444444444444444,
    0.24444444444444444,
    0.8,
    0.4482758620689655,
    0.0,
    0.08333333333333333,
    0.24444444444444444,
    0.21204384078965993,
    0.08333333333333333,
    0.24444444444444444,
    0.037037037037037035,
    0.4482758620689655,
    0.24444444444444444,
    0.4482758620689655,
    0.24444444444444444,
    0.037037037037037035,
    0.0,
    0.24444444444444444,
    1.0,
    0.0,
    0.24444444444444444,
    0.08333333333333333,
    1.0,
    0.4482758620689655,
    0.4482758620689655,
    0.24444444444444444,
    0.4847932335281717,
    0.4778213548434416,
    0.8,
    0.0,
    0.4930040267840607,
    0.4482758620689655,
    0.037037037037037035,
    0.4482758620689655,
    0.24444444444444444,
    0.4829787962467487,
    0.037037037037037035,
    0.24444444444444444,
    0.4482758620689655,
    0.8,
    0.0,
    0.24444444444444444,
    0.8,
    0.08333333333333333,
    0.24444444444444444,
    0.037037037037037035,
    0.037037037037037035,
    0.49789537360647296,
    0.24444444444444444,
    0.08333333333333333,
    0.037037037037037035,
    0.8,
    0.24444444444444444,
    0.037037037037037035,
    0.24444444444444444,
    0.0,
    0.037037037037037035,
    0.24444444444444444,
    1.0,
    0.4482758620689655,
    0.24444444444444444,
    0.037037037037037035,
    0.24444444444444444,
    0.08333333333333333,
    0.48934939118331533,
    0.4482758620689655
  ],
  "precision_at_10pct": 0.8
}