{
  "model_name": "optimized_lightgbm",
  "roc_auc": 0.7921006944444443,
  "pr_auc": 0.6914045012760275,
  "brier_score": 0.18253953331626438,
  "accuracy": 0.79,
  "precision": 0.7419354838709677,
  "recall": 0.6388888888888888,
  "f1": 0.6865671641791045,
  "confusion_matrix": [
    [
      56,
      8
    ],
    [
      13,
      23
    ]
  ],
  "y_pred_proba": [
    0.035346981355610846,
    0.2239347642945868,
    0.06265930038536899,
    0.8080072455244993,
    0.18885558129864013,
    0.023978162865992216,
    0.019380899541207832,
    0.008053582890723809,
    0.00835167573692797,
    0.007654248976217029,
    0.030117578739195783,
    0.006503828763366915,
    0.9760501618459566,
    0.0036426178002497605,
    0.03796197256739976,
    0.01673188154697047,
    0.8665266077566359,
    0.8951530636356744,
    0.548431824300554,
    0.9397129523829991,
    0.022603774151390272,
    0.06929560725562886,
    0.04627178066422632,
    0.7733653840223871,
    0.9685621382525922,
    0.02052728121582281,
    0.026623957431042736,
    0.0844798055383049,
    0.7664291516605216,
    0.05278439658836765,
    0.9657696750227256,
    0.13843618203775324,
    0.04505335942092129,
    0.04725175083090376,
    0.09141569172014702,
    0.06766309109664695,
    0.9674310079744806,
    0.36410110345963137,
    0.006775257332168973,
    0.22283236283721938,
    0.1433999287436693,
    0.029113428293002074,
    0.125994038849785,
    0.06867445755225811,
    0.01877562287147436,
    0.8346627073935642,
    0.13421509008024876,
    0.4351515864577704,
    0.2278992659950954,
    0.031015004846829584,
    0.006387088787956724,
    0.019445698170332114,
    0.9764693553460899,
    0.006640715789644838,
    0.372207679671114,
    0.017054323193726403,
    0.9856205215949766,
    0.7203339290855534,
    0.44311643777604015,
    0.16442781426659636,
    0.6434614744111318,
    0.691336844126794,
    0.960991312681601,
    0.004426800705205248,
    0.9378003728555255,
    0.48955555763169595,
    0.13647221290377423,
    0.7643088657122379,
    0.13101713815175822,
    0.9164116811786014,
    0.014910127828786413,
    0.3124138745766723,
    0.7931563512224168,
    0.98775314732284,
    0.005926607113462272,
    0.2445708527311482,
    0.9664526727580943,
    0.02884730787963391,
    0.209655485543415,
    0.14909741621565953,
    0.022264593172477802,
    0.8273103673208996,
    0.8024075687923137,
    0.02662074145188414,
    0.024628697178100595,
    0.967521739661027,
    0.06472949833126118,
    0.011546994285179876,
    0.2581720693606345,
    0.004871136737730783,
    0.002986222279724275,
    0.1985104904020244,
    0.9870071924665951,
    0.5484046376597019,
    0.3995405114641149,
    0.011302312605427418,
    0.25453630762786306,
    0.32866502483391696,
    0.8625772128361546,
    0.5439207746927588
  ],
  "precision_at_10pct": 0.7
}