{
  "model_name": "optimized_lightgbm",
  "roc_auc": 0.8012152777777778,
  "pr_auc": 0.7004866516135281,
  "brier_score": 0.1750693970651075,
  "accuracy": 0.78,
  "precision": 0.7333333333333333,
  "recall": 0.6111111111111112,
  "f1": 0.6666666666666666,
  "confusion_matrix": [
    [
      56,
      8
    ],
    [
      14,
      22
    ]
  ],
  "y_pred_proba": [
    0.07937440382405977,
    0.3024301278450384,
    0.09834762912095198,
    0.7988808272130307,
    0.13655690006097446,
    0.0434846793109335,
    0.01760927190285615,
    0.015853714004492682,
    0.014673391074815174,
    0.01589384896301762,
    0.0381075186148351,
    0.01679118098311614,
    0.9478809006286805,
    0.017565231589576628,
    0.058110096549543154,
    0.040893026039307896,
    0.8630558722290735,
    0.8141406925323526,
    0.4585185441174364,
    0.9059537519089038,
    0.04477255540623556,
    0.06616794465690155,
    0.04318092276305523,
    0.6478385935992353,
    0.9509709867229037,
    0.0333456858023679,
    0.058008998215472944,
    0.10139356149560483,
    0.778550757110928,
    0.11354883777167131,
    0.9396878106109954,
    0.1438639685039542,
    0.04679931557025691,
    0.08649890680026345,
    0.13648166233736256,
    0.10325468334530231,
    0.9311865976715977,
    0.40535520973528033,
    0.01541588214798003,
    0.22740720819257834,
    0.1259678176004713,
    0.07067458397064555,
    0.06721527097310415,
    0.10792586046132792,
    0.03502414146139047,
    0.7549667694273094,
    0.19464595766078951,
    0.3775177269535276,
    0.10335306788164679,
    0.06511125288026995,
    0.017187120326662166,
    0.06666310752256789,
    0.9652368825387695,
    0.011970368597190173,
    0.23565862433797757,
    0.05885691628173639,
    0.9773202751646015,
    0.704782487716416,
    0.36486830889089594,
    0.12603905354272657,
    0.6229719035575855,
    0.7241726389883749,
    0.9127984360954907,
    0.011430483785156733,
    0.8998721442781282,
    0.5390564243201473,
    0.13398681782709304,
    0.7797042405408317,
    0.13013793948308147,
    0.8378233039838754,
    0.024643171711533664,
    0.2762258598259356,
    0.7172455893737246,
    0.9695341431724386,
    0.009988462140729251,
    0.3162772396240796,
    0.9433731553804718,
    0.054827965938689625,
    0.2922104503257689,
    0.10505816021897184,
    0.03046892579133308,
    0.7341823327787598,
    0.6475347473766796,
    0.057154610618603885,
    0.04211770583787487,
    0.920903937689694,
    0.1037336189845467,
    0.015804403668094043,
    0.214671556081989,
    0.013467621097980567,
    0.0073034605601977115,
    0.18087828578593826,
    0.9793118255474609,
    0.6204035911040849,
    0.34133776555416273,
    0.019289766390478972,
    0.26323640707418305,
    0.27701451697777907,
    0.8231074328572463,
    0.4405208543633318
  ],
  "precision_at_10pct": 0.7
}