{
  "model_name": "optimized_lightgbm",
  "roc_auc": 0.8020833333333333,
  "pr_auc": 0.6793353708692444,
  "brier_score": 0.17160893052324813,
  "accuracy": 0.77,
  "precision": 0.76,
  "recall": 0.5277777777777778,
  "f1": 0.6229508196721312,
  "confusion_matrix": [
    [
      58,
      6
    ],
    [
      17,
      19
    ]
  ],
  "y_pred_proba": [
    0.168707192543834,
    0.31150542916724916,
    0.22841489983998203,
    0.5693908490056996,
    0.16851296590462828,
    0.026934910709574933,
    0.013656244860118957,
    0.013201414916168022,
    0.02386955224532306,
    0.013111694735064199,
    0.03337489859904785,
    0.02682524930561324,
    0.894753161508555,
    0.029889602441298378,
    0.09392914765003578,
    0.058777726141332254,
    0.8730231571499357,
    0.7739341331521656,
    0.47027355804450227,
    0.8345017909480027,
    0.056263630122963905,
    0.08400983471846134,
    0.17575310977459538,
    0.4877545374331241,
    0.9395771699718947,
    0.09529296577117526,
    0.1700594955209891,
    0.24507587760276414,
    0.519150206336727,
    0.07487451442565954,
    0.8975501399523165,
    0.16587815800339578,
    0.0828298045932741,
    0.1705455621572708,
    0.254239649330257,
    0.2311337529806763,
    0.8968901553864604,
    0.42151111507891587,
    0.01727948293408994,
    0.10625934233380058,
    0.34651037182107813,
    0.12738347965221744,
    0.11623730035575278,
    0.3355878232154466,
    0.04255709995067607,
    0.5710305259044646,
    0.23555983431588465,
    0.428227439897915,
    0.13320496378397084,
    0.06204110011895009,
    0.015246753381649021,
    0.150610224313951,
    0.980650517583529,
    0.007004565128611423,
    0.25670649587046446,
    0.10808080611813066,
    0.9585533194519935,
    0.573876905236411,
    0.447724758800786,
    0.1387370331008595,
    0.7659883043953035,
    0.755460092240255,
    0.8408930292789119,
    0.007792455798082512,
    0.7783873975620527,
    0.4918420802292725,
    0.033154869267079036,
    0.582215470140854,
    0.14477367994086715,
    0.7632483283422649,
    0.029430902576342666,
    0.2569248163374443,
    0.415408191291999,
    0.909625477807406,
    0.009197027349018278,
    0.2769426151837177,
    0.9037926398654356,
    0.08783998810853728,
    0.362683495804835,
    0.033791341039538424,
    0.06533044709143425,
    0.7857738050712751,
    0.27921953920973747,
    0.09449071428962612,
    0.03796374382453295,
    0.8931726200422191,
    0.17724417860637984,
    0.05237231388151569,
    0.19466185954789986,
    0.015187585442800586,
    0.026012956282105624,
    0.25158573228224895,
    0.9633560605873324,
    0.4943411840184813,
    0.27279815819853404,
    0.024710963047935984,
    0.25598629854469396,
    0.12028147388327579,
    0.7728685437933672,
    0.38406947590137513
  ],
  "precision_at_10pct": 0.7
}