{
  "model_name": "optimized_lightgbm",
  "roc_auc": 0.8051215277777777,
  "pr_auc": 0.7083774990259797,
  "brier_score": 0.17040959219536775,
  "accuracy": 0.8,
  "precision": 0.7666666666666667,
  "recall": 0.6388888888888888,
  "f1": 0.696969696969697,
  "confusion_matrix": [
    [
      57,
      7
    ],
    [
      13,
      23
    ]
  ],
  "y_pred_proba": [
    0.05336901403453382,
    0.2198571100911621,
    0.1125388144102384,
    0.8236238927181395,
    0.1881533361949521,
    0.02717767948284075,
    0.012118645153231203,
    0.019201137472581026,
    0.005518012398911755,
    0.007654309517207929,
    0.0288444152476516,
    0.012683943565882675,
    0.9595366699134071,
    0.009181909588696711,
    0.05481303707907811,
    0.0363162883571027,
    0.8753447408701288,
    0.8200014147619339,
    0.559457633858721,
    0.9005543583927141,
    0.04391705351488193,
    0.04683750091640412,
    0.047859309333642165,
    0.6180063147595165,
    0.9637092130787547,
    0.026311740189582485,
    0.055665999139440606,
    0.08211461023527757,
    0.7456099903548161,
    0.06522584092106634,
    0.9407407712154497,
    0.11312643488275366,
    0.04759401526207896,
    0.08822299620220919,
    0.12661015254922775,
    0.09078914738873353,
    0.9352840549009658,
    0.3770010361325123,
    0.011279533614360791,
    0.25984657563872166,
    0.12902964283564655,
    0.08777955275842314,
    0.07161453935725522,
    0.10254808744855663,
    0.0314481176089445,
    0.7487212548030728,
    0.16338040404971937,
    0.36633120917249845,
    0.148662477624848,
    0.06551196483638316,
    0.011338996471075946,
    0.04469108111531943,
    0.9722682671854909,
    0.007923637089023937,
    0.28885578964548203,
    0.042211644679316034,
    0.9869866697620459,
    0.6663613966215227,
    0.3998580074246363,
    0.10571487205264699,
    0.6978179667745393,
    0.6958363711811708,
    0.9125789570739711,
    0.006946644304218417,
    0.8908930265922438,
    0.4809402558149345,
    0.12601306116171276,
    0.8245817370328185,
    0.09088419421849127,
    0.8800613828849959,
    0.01794302998068355,
    0.2497228521090952,
    0.7612507817754554,
    0.9736369313489952,
    0.005728942295915109,
    0.22143064933982942,
    0.9489327777199856,
    0.044643328413321276,
    0.2907616560251805,
    0.10858215182526892,
    0.028642468624245528,
    0.8043036436145866,
    0.5716732423217976,
    0.06455906836872125,
    0.033500732292808984,
    0.9361132302287847,
    0.08454474786306963,
    0.019541894100845326,
    0.28805475913255385,
    0.0068180379108735405,
    0.008929971444441501,
    0.15618980509023275,
    0.9818948230083279,
    0.6324377768690138,
    0.42149970157818983,
    0.02079921808465861,
    0.2858625437397159,
    0.2480981029618316,
    0.8210486734920907,
    0.45340791207424197
  ],
  "precision_at_10pct": 0.7
}