column,adf_stat,p_value
Age,-35.46829569787422,0.0
Age,-35.46829569787422,0.0
