column,n,shapiro_p,jarque_bera_p
Age,1259,2.7988207898554188e-62,0.0
Age,1259,2.7988207898554188e-62,0.0
